codigo,nombre,tipo,precio,precio_ars,dificultad,tallas,formatos,hojas_a4,hojas_a0,resumen,descripcion,materiales,metraje,medidas,incluye,fotos,pdf,publicado
EZ-001,Blusa manga japonesa,Blusas,"8,50",12000,Principiante,"XS, S, M, L, XL",A4,18,,Patrón en PDF para imprimir en casa en A4.,"Blusa holgada de manga japonesa, sin cremalleras ni botones. Ideal para empezar.","Tela fluida: viscosa, lino o algodón ligero
Entretela para el cuello
Hilo a tono","Talla | Tela (140 cm de ancho)
XS–S | 1,20 m
M–L | 1,40 m
XL | 1,60 m","Talla | Pecho | Cintura | Cadera
XS | 82 cm | 64 cm | 88 cm
S | 86 cm | 68 cm | 92 cm
M | 92 cm | 74 cm | 98 cm
L | 98 cm | 80 cm | 104 cm
XL | 104 cm | 86 cm | 110 cm","Patrón en PDF para imprimir en A4, con cuadro de prueba
Instrucciones de montaje paso a paso con ilustraciones
Márgenes de costura incluidos (1 cm)","blusa-japonesa-1.webp, blusa-japonesa-2.webp",blusa-japonesa-a4.pdf,no
EZ-002,Jersey con bordado de flores,Jerséis,"12,00",15000,Intermedio,"36, 38, 40, 42, 44, 46","A4, A0",24,3,Patrón en PDF A4 y A0 con plantilla de bordado.,Jersey de punto con flores bordadas en las mangas.,"Punto medio con algo de elasticidad
Lana o mouliné para el bordado","Talla | Tela (150 cm de ancho)
36–40 | 1,30 m
42–46 | 1,60 m","Talla | Pecho | Cadera
36 | 84 cm | 90 cm
40 | 92 cm | 98 cm
46 | 108 cm | 114 cm","Patrón en PDF A4 y A0
Plantilla del bordado a tamaño real
Instrucciones paso a paso",jersey-flores.webp,"jersey-flores-a4.pdf, jersey-flores-a0.pdf",no
EZ-003,Vestido infantil con volantes,Infantil,"7,00",10000,Principiante,"2 años, 3 años, 4 años, 5 años, 6 años",A4,14,,Patrón infantil en PDF A4.,Vestido fresco con volantes en los hombros para niñas de 2 a 6 años.,"Algodón ligero o popelín
Botones o automáticos para la espalda","Talla | Tela (140 cm de ancho)
2–3 años | 0,80 m
4–6 años | 1,00 m","Talla | Pecho | Largo
2 años | 53 cm | 50 cm
4 años | 56 cm | 56 cm
6 años | 60 cm | 62 cm","Patrón en PDF A4
Instrucciones paso a paso",vestido-infantil.webp,vestido-infantil-a4.pdf,no
